Utility,Agent entropy,Desirability entropy
"   param_try   Utility
0        1.1  0.405768
1        1.2  0.405853
2        1.3  0.406652
3        1.4  0.405525
4        1.5  0.406514
5        1.6  0.405545
6        1.7  0.407015
7        1.8  0.404823
8        1.9  0.408153
9        2.0  0.405975","   param_try  Agent entropy
0        1.1       0.685829
1        1.2       0.680019
2        1.3       0.676677
3        1.4       0.677771
4        1.5       0.681275
5        1.6       0.684655
6        1.7       0.678335
7        1.8       0.684935
8        1.9       0.673079
9        2.0       0.680667","   param_try  Desirability entropy
0        1.1              1.889421
1        1.2              1.880232
2        1.3              1.874279
3        1.4              1.870063
4        1.5              1.883687
5        1.6              1.886499
6        1.7              1.875526
7        1.8              1.883943
8        1.9              1.874269
9        2.0              1.879020"
"   param_try   Utility
0        1.1  0.124175
1        1.2  0.122798
2        1.3  0.124474
3        1.4  0.125096
4        1.5  0.124913
5        1.6  0.124308
6        1.7  0.124303
7        1.8  0.124250
8        1.9  0.122644
9        2.0  0.123004","   param_try  Agent entropy
0        1.1       0.033957
1        1.2       0.033154
2        1.3       0.032788
3        1.4       0.030940
4        1.5       0.030613
5        1.6       0.032053
6        1.7       0.031266
7        1.8       0.032028
8        1.9       0.028506
9        2.0       0.031306","   param_try  Desirability entropy
0        1.1              0.049469
1        1.2              0.057225
2        1.3              0.053009
3        1.4              0.053699
4        1.5              0.058215
5        1.6              0.058076
6        1.7              0.056563
7        1.8              0.058761
8        1.9              0.051194
9        2.0              0.047993"
