Utility,Agent entropy,Desirability entropy
"    density   Utility
0  0.111111  0.275607
1  0.222222  0.300948
2  0.333333  0.314314
3  0.444444  0.311030
4  0.555556  0.314489
5  0.666667  0.311788
6  0.777778  0.309913
7  0.888889  0.298897","    density  Agent entropy
0  0.111111       0.613384
1  0.222222       0.726131
2  0.333333       0.752046
3  0.444444       0.791588
4  0.555556       0.792985
5  0.666667       0.800013
6  0.777778       0.812203
7  0.888889       0.842368","    density  Desirability entropy
0  0.111111              1.397716
1  0.222222              1.570409
2  0.333333              1.699751
3  0.444444              1.844792
4  0.555556              1.936873
5  0.666667              2.014908
6  0.777778              2.056962
7  0.888889              2.080042"
"    density   Utility
0  0.111111  0.111324
1  0.222222  0.119603
2  0.333333  0.120497
3  0.444444  0.131657
4  0.555556  0.136032
5  0.666667  0.144034
6  0.777778  0.153899
7  0.888889  0.167794","    density  Agent entropy
0  0.111111       0.116935
1  0.222222       0.076567
2  0.333333       0.055933
3  0.444444       0.046095
4  0.555556       0.047373
5  0.666667       0.032958
6  0.777778       0.034177
7  0.888889       0.024678","    density  Desirability entropy
0  0.111111              0.121136
1  0.222222              0.122200
2  0.333333              0.102024
3  0.444444              0.114160
4  0.555556              0.083269
5  0.666667              0.088494
6  0.777778              0.081858
7  0.888889              0.095701"
