Utility,Agent entropy,Desirability entropy
"   sigma_theta   Utility
0     0.111111  0.058413
1     0.222222  0.304818
2     0.333333  0.436103
3     0.444444  0.498247
4     0.555556  0.534106
5     0.666667  0.560878
6     0.777778  0.578649
7     0.888889  0.591056
8     1.000000  0.598724","   sigma_theta  Agent entropy
0     0.111111       0.671659
1     0.222222       0.680248
2     0.333333       0.682742
3     0.444444       0.701509
4     0.555556       0.738544
5     0.666667       0.781092
6     0.777778       0.821823
7     0.888889       0.822374
8     1.000000       0.844692","   sigma_theta  Desirability entropy
0     0.111111              1.916670
1     0.222222              1.885268
2     0.333333              1.885399
3     0.444444              1.882868
4     0.555556              1.885477
5     0.666667              1.899145
6     0.777778              1.898680
7     0.888889              1.878601
8     1.000000              1.897831"
"   sigma_theta   Utility
0     0.111111  0.045975
1     0.222222  0.122813
2     0.333333  0.121755
3     0.444444  0.114077
4     0.555556  0.117114
5     0.666667  0.119444
6     0.777778  0.120491
7     0.888889  0.123397
8     1.000000  0.123086","   sigma_theta  Agent entropy
0     0.111111       0.033729
1     0.222222       0.028356
2     0.333333       0.033553
3     0.444444       0.031633
4     0.555556       0.035652
5     0.666667       0.037155
6     0.777778       0.038712
7     0.888889       0.036240
8     1.000000       0.032539","   sigma_theta  Desirability entropy
0     0.111111              0.088653
1     0.222222              0.052374
2     0.333333              0.059065
3     0.444444              0.047902
4     0.555556              0.051289
5     0.666667              0.047154
6     0.777778              0.050931
7     0.888889              0.051591
8     1.000000              0.047500"
