Utility,Agent entropy,Desirability entropy
"   sigma_theta   Utility
0     0.111111  0.058129
1     0.222222  0.306530
2     0.333333  0.434289
3     0.444444  0.499759
4     0.555556  0.534779
5     0.666667  0.560510
6     0.777778  0.578259
7     0.888889  0.589328
8     1.000000  0.598140","   sigma_theta  Agent entropy
0     0.111111       0.674163
1     0.222222       0.674605
2     0.333333       0.687436
3     0.444444       0.694250
4     0.555556       0.732095
5     0.666667       0.781175
6     0.777778       0.813795
7     0.888889       0.835179
8     1.000000       0.845834","   sigma_theta  Desirability entropy
0     0.111111              1.894954
1     0.222222              1.879288
2     0.333333              1.879155
3     0.444444              1.882142
4     0.555556              1.877812
5     0.666667              1.886210
6     0.777778              1.896328
7     0.888889              1.893188
8     1.000000              1.897974"
"   sigma_theta   Utility
0     0.111111  0.046212
1     0.222222  0.124084
2     0.333333  0.122929
3     0.444444  0.113377
4     0.555556  0.116515
5     0.666667  0.118846
6     0.777778  0.120462
7     0.888889  0.122792
8     1.000000  0.121582","   sigma_theta  Agent entropy
0     0.111111       0.033039
1     0.222222       0.035402
2     0.333333       0.034000
3     0.444444       0.034374
4     0.555556       0.037205
5     0.666667       0.039580
6     0.777778       0.041106
7     0.888889       0.038236
8     1.000000       0.037376","   sigma_theta  Desirability entropy
0     0.111111              0.078013
1     0.222222              0.059241
2     0.333333              0.054731
3     0.444444              0.050021
4     0.555556              0.050138
5     0.666667              0.051231
6     0.777778              0.056767
7     0.888889              0.056036
8     1.000000              0.059201"
