Utility,Agent entropy,Desirability entropy
"   sigma_theta   Utility
0     0.111111  0.018048
1     0.222222  0.198396
2     0.333333  0.346860
3     0.444444  0.434970
4     0.555556  0.490451
5     0.666667  0.520752
6     0.777778  0.550609
7     0.888889  0.566947
8     1.000000  0.574899","   sigma_theta  Agent entropy
0     0.111111       0.821924
1     0.222222       0.820653
2     0.333333       0.828100
3     0.444444       0.841089
4     0.555556       0.847714
5     0.666667       0.849114
6     0.777778       0.855662
7     0.888889       0.853150
8     1.000000       0.857250","   sigma_theta  Desirability entropy
0     0.111111              2.371916
1     0.222222              2.169329
2     0.333333              2.018192
3     0.444444              1.999987
4     0.555556              1.994811
5     0.666667              1.986696
6     0.777778              1.987671
7     0.888889              1.993854
8     1.000000              1.982671"
"   sigma_theta   Utility
0     0.111111  0.026731
1     0.222222  0.129633
2     0.333333  0.160439
3     0.444444  0.167999
4     0.555556  0.171997
5     0.666667  0.180297
6     0.777778  0.168539
7     0.888889  0.166986
8     1.000000  0.171700","   sigma_theta  Agent entropy
0     0.111111       0.031056
1     0.222222       0.026838
2     0.333333       0.028400
3     0.444444       0.023526
4     0.555556       0.024967
5     0.666667       0.023627
6     0.777778       0.021109
7     0.888889       0.022752
8     1.000000       0.023562","   sigma_theta  Desirability entropy
0     0.111111              0.101649
1     0.222222              0.117938
2     0.333333              0.063027
3     0.444444              0.042587
4     0.555556              0.042662
5     0.666667              0.047160
6     0.777778              0.039107
7     0.888889              0.042341
8     1.000000              0.039530"
