Utility,Agent entropy,Desirability entropy
"    density   Utility
0  0.111111  0.336132
1  0.222222  0.366688
2  0.333333  0.386740
3  0.444444  0.394638
4  0.555556  0.402036
5  0.666667  0.404652
6  0.777778  0.407031
7  0.888889  0.403681","    density  Agent entropy
0  0.111111       0.698807
1  0.222222       0.714773
2  0.333333       0.720357
3  0.444444       0.704619
4  0.555556       0.690887
5  0.666667       0.680511
6  0.777778       0.680073
7  0.888889       0.687705","    density  Desirability entropy
0  0.111111              1.289364
1  0.222222              1.409868
2  0.333333              1.521518
3  0.444444              1.622525
4  0.555556              1.712346
5  0.666667              1.791106
6  0.777778              1.873959
7  0.888889              1.935185"
"    density   Utility
0  0.111111  0.132191
1  0.222222  0.126663
2  0.333333  0.126816
3  0.444444  0.124356
4  0.555556  0.121902
5  0.666667  0.121530
6  0.777778  0.122265
7  0.888889  0.128689","    density  Agent entropy
0  0.111111       0.075022
1  0.222222       0.047515
2  0.333333       0.033599
3  0.444444       0.037205
4  0.555556       0.034826
5  0.666667       0.034617
6  0.777778       0.035191
7  0.888889       0.036557","    density  Desirability entropy
0  0.111111              0.036536
1  0.222222              0.049556
2  0.333333              0.053023
3  0.444444              0.046563
4  0.555556              0.049360
5  0.666667              0.056860
6  0.777778              0.056050
7  0.888889              0.056299"
